"height","width","aratio"
"125","125","1.0"
"57","468","8.2105"
"33","230","6.9696"
"60","468","7.8"
"60","468","7.8"
"60","468","7.8"
"59","460","7.7966"
"60","234","3.9"
"60","468","7.8"
"60","468","7.8"
"?","?","?"
"90","52","0.5777"
"90","60","0.6666"
"90","60","0.6666"
"33","230","6.9696"
"60","468","7.8"
"60","468","7.8"
"125","125","1.0"
"60","468","7.8"
"30","585","19.5"
"90","60","0.6666"
"90","60","0.6666"
"90","60","0.6666"
"90","60","0.6666"
"?","?","?"
"90","52","0.5777"
"90","60","0.6666"
"60","468","7.8"
"60","234","3.9"
"60","234","3.9"
"60","88","1.4666"
"60","120","2.0"
"35","125","3.5714"
"60","468","7.8"
"60","468","7.8"
"60","468","7.8"
"72","392","5.4444"
"60","468","7.8"
"60","468","7.8"
"50","107","2.14"
"50","107","2.14"
"50","107","2.14"
"50","107","2.14"
"60","468","7.8"
"125","125","1.0"
"60","468","7.8"
"60","468","7.8"
"60","468","7.8"
"125","125","1.0"
"60","468","7.8"
"60","468","7.8"
"60","120","2.0"
"60","468","7.8"
"60","468","7.8"
"60","468","7.8"
"125","125","1.0"
"60","468","7.8"
"120","125","1.0416"
"60","468","7.8"
"60","234","3.9"
"60","234","3.9"
"60","468","7.8"
"?","?","?"
"?","?","?"
"?","?","?"
"?","?","?"
"60","468","7.8"
"2","2","1.0"
"60","120","2.0"
"65","125","1.9230"
"125","125","1.0"
"125","125","1.0"
"?","?","?"
"60","468","7.8"
"60","468","7.8"
"60","468","7.8"
"60","234","3.9"
"44","127","2.8863"
"60","468","7.8"
"80","80","1.0"
"80","80","1.0"
"80","80","1.0"
"60","468","7.8"
"80","80","1.0"
"80","80","1.0"
"80","80","1.0"
"125","125","1.0"
"60","468","7.8"
"60","468","7.8"
"60","468","7.8"
"60","468","7.8"
"60","468","7.8"
"60","234","3.9"
"60","234","3.9"
"60","234","3.9"
"60","234","3.9"
"64","231","3.6093"
"31","88","2.8387"
"100","100","1.0"
"74","54","0.7297"
"31","96","3.0967"
"100","100","1.0"
"93","147","1.5806"
"60","95","1.5833"
"21","188","8.9523"
"20","58","2.9"
"60","468","7.8"
"60","468","7.8"
"60","468","7.8"
"60","468","7.8"
"55","460","8.3636"
"60","468","7.8"
"60","468","7.8"
"135","126","0.9333"
"135","126","0.9333"
"135","126","0.9333"
"135","126","0.9333"
"?","?","?"
"?","?","?"
"?","?","?"
"?","?","?"
"30","159","5.3"
"?","?","?"
"21","183","8.7142"
"?","?","?"
"?","?","?"
"50","400","8.0"
"50","400","8.0"
"60","468","7.8"
"60","468","7.8"
"60","468","7.8"
"60","468","7.8"
"26","468","18.0"
"60","468","7.8"
"136","93","0.6838"
"60","468","7.8"
"60","468","7.8"
"60","468","7.8"
"124","120","0.9677"
"60","468","7.8"
"125","125","1.0"
"125","125","1.0"
"60","468","7.8"
"60","468","7.8"
"60","468","7.8"
"60","468","7.8"
"60","468","7.8"
"60","468","7.8"
"20","83","4.15"
"60","468","7.8"
"60","468","7.8"
"60","468","7.8"
"60","468","7.8"
"60","468","7.8"
"124","120","0.9677"
"60","468","7.8"
"52","476","9.1538"
"45","100","2.2222"
"45","100","2.2222"
"45","100","2.2222"
"45","100","2.2222"
"60","468","7.8"
"124","120","0.9677"
"125","125","1.0"
"?","?","?"
"60","468","7.8"
"60","468","7.8"
"60","468","7.8"
"165","90","0.5454"
"60","468","7.8"
"60","468","7.8"
"60","468","7.8"
"60","468","7.8"
"60","468","7.8"
"125","125","1.0"
"60","468","7.8"
"60","468","7.8"
"60","468","7.8"
"60","468","7.8"
"60","468","7.8"
"60","468","7.8"
"60","468","7.8"
"25","75","3.0"
"60","468","7.8"
"125","125","1.0"
"60","468","7.8"
"60","234","3.9"
"60","468","7.8"
"105","225","2.1428"
"?","?","?"
"?","?","?"
"60","468","7.8"
"?","?","?"
"?","?","?"
"60","468","7.8"
"60","468","7.8"
"125","125","1.0"
"60","468","7.8"
"60","468","7.8"
"60","234","3.9"
"60","468","7.8"
"60","400","6.6666"
"60","468","7.8"
"125","125","1.0"
"60","468","7.8"
"60","234","3.9"
"60","234","3.9"
"31","88","2.8387"
"60","468","7.8"
"?","?","?"
"60","468","7.8"
"88","88","1.0"
"88","88","1.0"
"60","468","7.8"
"60","468","7.8"
"60","234","3.9"
"60","468","7.8"
"60","468","7.8"
"?","?","?"
"73","69","0.9452"
"72","392","5.4444"
"72","392","5.4444"
"60","468","7.8"
"60","88","1.4666"
"?","?","?"
"60","88","1.4666"
"60","468","7.8"
"60","88","1.4666"
"60","468","7.8"
"90","120","1.3333"
"90","120","1.3333"
"90","120","1.3333"
"90","120","1.3333"
"60","468","7.8"
"?","?","?"
"?","?","?"
"?","?","?"
"?","?","?"
"93","261","2.8064"
"60","468","7.8"
"60","468","7.8"
"60","468","7.8"
"60","468","7.8"
"33","270","8.1818"
"60","468","7.8"
"33","142","4.3030"
"33","230","6.9696"
"33","230","6.9696"
"60","468","7.8"
"60","468","7.8"
"60","120","2.0"
"60","120","2.0"
"60","234","3.9"
"60","468","7.8"
"60","468","7.8"
"60","120","2.0"
"60","234","3.9"
"60","468","7.8"
"125","125","1.0"
"60","468","7.8"
"?","?","?"
"?","?","?"
"43","230","5.3488"
"43","230","5.3488"
"60","468","7.8"
"60","468","7.8"
"60","468","7.8"
"60","468","7.8"
"43","230","5.3488"
"43","230","5.3488"
"43","230","5.3488"
"43","230","5.3488"
"60","234","3.9"
"60","468","7.8"
"60","468","7.8"
"120","125","1.0416"
"50","370","7.4"
"50","455","9.1"
"30","200","6.6666"
"30","200","6.6666"
"30","200","6.6666"
"30","200","6.6666"
"30","200","6.6666"
"30","200","6.6666"
"30","200","6.6666"
"50","309","6.18"
"?","?","?"
"60","89","1.4833"
"33","230","6.9696"
"?","?","?"
"?","?","?"
"73","69","0.9452"
"?","?","?"
"?","?","?"
"?","?","?"
"73","69","0.9452"
"73","69","0.9452"
"?","?","?"
"60","468","7.8"
"60","468","7.8"
"60","468","7.8"
"60","468","7.8"
"60","468","7.8"
"60","468","7.8"
"60","120","2.0"
"60","120","2.0"
"60","468","7.8"
"60","120","2.0"
"477","129","0.2704"
"125","125","1.0"
"65","125","1.9230"
"477","129","0.2704"
"125","125","1.0"
"60","468","7.8"
"60","468","7.8"
"60","468","7.8"
"60","468","7.8"
"60","468","7.8"
"60","468","7.8"
"70","470","6.7142"
"60","468","7.8"
"60","468","7.8"
"60","468","7.8"
"60","43","0.7166"
"60","468","7.8"
"60","468","7.8"
"60","468","7.8"
"?","?","?"
"?","?","?"
"60","468","7.8"
"?","?","?"
"90","60","0.6666"
"60","468","7.8"
"60","88","1.4666"
"60","468","7.8"
"?","?","?"
"105","225","2.1428"
"?","?","?"
"33","230","6.9696"
"60","468","7.8"
"60","468","7.8"
"60","468","7.8"
"?","?","?"
"?","?","?"
"?","?","?"
"?","?","?"
"?","?","?"
"?","?","?"
"?","?","?"
"?","?","?"
"?","?","?"
"?","?","?"
"60","468","7.8"
"124","120","0.9677"
"60","468","7.8"
"60","468","7.8"
"60","468","7.8"
"60","468","7.8"
"60","468","7.8"
"60","468","7.8"
"60","468","7.8"
"60","468","7.8"
"125","125","1.0"
"125","125","1.0"
"?","?","?"
"40","400","10.0"
"50","400","8.0"
"60","468","7.8"
"60","468","7.8"
"40","400","10.0"
"60","468","7.8"
"60","468","7.8"
"40","400","10.0"
"60","468","7.8"
"?","?","?"
"60","468","7.8"
"60","468","7.8"
"45","345","7.6666"
"31","90","2.9032"
"60","150","2.5"
"50","400","8.0"
"60","468","7.8"
"60","468","7.8"
"60","468","7.8"
"?","?","?"
"55","460","8.3636"
"?","?","?"
"?","?","?"
"88","520","5.9090"
"240","120","0.5"
"?","?","?"
"60","468","7.8"
"55","460","8.3636"
"?","?","?"
"?","?","?"
"?","?","?"
"?","?","?"
"51","433","8.4901"
"?","?","?"
"40","100","2.5"
"60","468","7.8"
"60","468","7.8"
"?","?","?"
"50","400","8.0"
"60","468","7.8"
"50","400","8.0"
"60","468","7.8"
"60","468","7.8"
"59","164","2.7796"
"60","468","7.8"
"?","?","?"
"55","460","8.3636"
"33","230","6.9696"
"90","215","2.3888"
"?","?","?"
"?","?","?"
"100","510","5.1"
"60","468","7.8"
"72","392","5.4444"
"?","?","?"
"68","612","9.0"
"171","227","1.3274"
"60","440","7.3333"
"60","130","2.1666"
"60","430","7.1666"
"60","468","7.8"
"50","400","8.0"
"60","468","7.8"
"60","468","7.8"
"55","460","8.3636"
"?","?","?"
"60","468","7.8"
"?","?","?"
"?","?","?"
"60","468","7.8"
"?","?","?"
"60","468","7.8"
"?","?","?"
"60","468","7.8"
"71","164","2.3098"
"29","148","5.1034"
"60","280","4.6666"
"90","90","1.0"
"38","264","6.9473"
"55","416","7.5636"
"60","150","2.5"
"36","216","6.0"
"72","144","2.0"
"60","468","7.8"
"50","150","3.0"
"50","150","3.0"
"50","150","3.0"
"60","468","7.8"
"?","?","?"
"?","?","?"
"50","150","3.0"
"60","468","7.8"
"40","400","10.0"
"60","468","7.8"
"?","?","?"
"?","?","?"
"46","109","2.3695"
"12","57","4.75"
"95","150","1.5789"
"?","?","?"
"?","?","?"
"30","130","4.3333"
"35","36","1.0285"
"80","92","1.15"
"20","90","4.5"
"41","239","5.8292"
"96","218","2.2708"
"16","16","1.0"
"46","109","2.3695"
"?","?","?"
"150","225","1.5"
"159","209","1.3144"
"20","90","4.5"
"?","?","?"
"12","117","9.75"
"110","111","1.0090"
"161","220","1.3664"
"?","?","?"
"12","234","19.5"
"16","16","1.0"
"?","?","?"
"15","?","?"
"100","100","1.0"
"195","288","1.4769"
"11","96","8.7272"
"50","50","1.0"
"114","140","1.2280"
"50","58","1.16"
"20","90","4.5"
"?","?","?"
"60","234","3.9"
"?","?","?"
"30","130","4.3333"
"?","?","?"
"160","199","1.2437"
"63","110","1.7460"
"134","184","1.3731"
"?","?","?"
"135","106","0.7851"
"40","50","1.25"
"?","?","?"
"52","144","2.7692"
"24","75","3.125"
"31","88","2.8387"
"30","130","4.3333"
"95","64","0.6736"
"?","?","?"
"62","88","1.4193"
"106","183","1.7264"
"200","250","1.25"
"20","116","5.8"
"51","35","0.6862"
"16","16","1.0"
"39","120","3.0769"
"30","130","4.3333"
"55","58","1.0545"
"?","?","?"
"40","46","1.15"
"?","?","?"
"11","89","8.0909"
"?","?","?"
"60","117","1.95"
"51","35","0.6862"
"52","144","2.7692"
"?","?","?"
"?","?","?"
"30","130","4.3333"
"90","120","1.3333"
"115","205","1.7826"
"50","93","1.86"
"25","100","4.0"
"?","?","?"
"?","?","?"
"75","200","2.6666"
"50","45","0.9"
"60","60","1.0"
"12","101","8.4166"
"10","600","60.0"
"207","200","0.9661"
"46","109","2.3695"
"32","32","1.0"
"27","41","1.5185"
"?","?","?"
"11","64","5.8181"
"43","178","4.1395"
"?","?","?"
"16","16","1.0"
"48","264","5.5"
"46","109","2.3695"
"150","250","1.6666"
"107","120","1.1214"
"51","260","5.0980"
"71","95","1.3380"
"?","?","?"
"36","227","6.3055"
"60","51","0.85"
"?","?","?"
"20","200","10.0"
"30","130","4.3333"
"?","?","?"
"60","60","1.0"
"?","?","?"
"?","?","?"
"31","88","2.8387"
"100","?","?"
"30","130","4.3333"
"52","144","2.7692"
"12","101","8.4166"
"16","16","1.0"
"?","?","?"
"75","95","1.2666"
"?","?","?"
"25","100","4.0"
"?","?","?"
"40","40","1.0"
"?","?","?"
"40","130","3.25"
"?","?","?"
"120","200","1.6666"
"28","74","2.6428"
"125","125","1.0"
"23","26","1.1304"
"100","?","?"
"31","88","2.8387"
"60","468","7.8"
"52","144","2.7692"
"?","?","?"
"?","?","?"
"?","?","?"
"11","64","5.8181"
"60","140","2.3333"
"?","?","?"
"41","239","5.8292"
"?","?","?"
"100","100","1.0"
"23","30","1.3043"
"?","?","?"
"40","40","1.0"
"125","125","1.0"
"161","119","0.7391"
"51","35","0.6862"
"?","?","?"
"10","600","60.0"
"27","41","1.5185"
"?","?","?"
"120","200","1.6666"
"?","?","?"
"52","299","5.75"
"?","?","?"
"?","?","?"
"75","95","1.2666"
"12","117","9.75"
"54","239","4.4259"
"102","179","1.7549"
"?","?","?"
"23","30","1.3043"
"149","182","1.2214"
"16","162","10.125"
"?","?","?"
"62","148","2.3870"
"40","46","1.15"
"150","75","0.5"
"46","100","2.1739"
"46","109","2.3695"
"125","125","1.0"
"119","150","1.2605"
"11","96","8.7272"
"?","?","?"
"76","108","1.4210"
"79","150","1.8987"
"?","?","?"
"158","108","0.6835"
"154","231","1.5"
"100","100","1.0"
"51","35","0.6862"
"8","82","10.25"
"46","100","2.1739"
"33","124","3.7575"
"153","186","1.2156"
"46","184","4.0"
"?","?","?"
"?","?","?"
"46","109","2.3695"
"150","250","1.6666"
"11","89","8.0909"
"?","?","?"
"52","144","2.7692"
"?","?","?"
"134","184","1.3731"
"?","?","?"
"32","260","8.125"
"23","30","1.3043"
"40","40","1.0"
"83","150","1.8072"
"174","152","0.8735"
"156","242","1.5512"
"25","100","4.0"
"?","?","?"
"?","?","?"
"46","100","2.1739"
"128","200","1.5625"
"14","30","2.1428"
"?","?","?"
"20","92","4.6"
"172","139","0.8081"
"23","30","1.3043"
"12","57","4.75"
"27","218","8.0740"
"75","95","1.2666"
"?","?","?"
"104","104","1.0"
"?","?","?"
"40","40","1.0"
"16","16","1.0"
"?","?","?"
"146","141","0.9657"
"65","110","1.6923"
"90","64","0.7111"
"154","125","0.8116"
"?","?","?"
"11","94","8.5454"
"50","45","0.9"
"79","150","1.8987"
"?","?","?"
"?","?","?"
"?","?","?"
"?","?","?"
"?","?","?"
"28","140","5.0"
"?","?","?"
"?","?","?"
"?","?","?"
"11","96","8.7272"
"?","?","?"
"11","89","8.0909"
"98","156","1.5918"
"?","?","?"
"28","150","5.3571"
"23","30","1.3043"
"26","163","6.2692"
"?","?","?"
"144","124","0.8611"
"?","?","?"
"175","148","0.8457"
"?","?","?"
"20","92","4.6"
"40","40","1.0"
"23","30","1.3043"
"11","94","8.5454"
"116","200","1.7241"
"79","150","1.8987"
"145","148","1.0206"
"150","200","1.3333"
"20","10","0.5"
"160","238","1.4875"
"?","?","?"
"100","100","1.0"
"12","102","8.5"
"16","16","1.0"
"46","100","2.1739"
"?","?","?"
"?","?","?"
"12","101","8.4166"
"98","198","2.0204"
"?","?","?"
"?","?","?"
"?","?","?"
"60","120","2.0"
"99","144","1.4545"
"12","86","7.1666"
"31","88","2.8387"
"?","?","?"
"25","100","4.0"
"12","102","8.5"
"220","220","1.0"
"25","100","4.0"
"60","150","2.5"
"46","100","2.1739"
"120","105","0.875"
"?","?","?"
"?","?","?"
"40","230","5.75"
"36","40","1.1111"
"?","?","?"
"25","100","4.0"
"200","242","1.21"
"93","150","1.6129"
"16","16","1.0"
"?","?","?"
"?","?","?"
"?","?","?"
"?","?","?"
"12","57","4.75"
"?","?","?"
"185","122","0.6594"
"50","50","1.0"
"34","113","3.3235"
"25","100","4.0"
"31","88","2.8387"
"16","16","1.0"
"40","40","1.0"
"12","86","7.1666"
"25","124","4.96"
"?","?","?"
"239","147","0.6150"
"?","?","?"
"?","?","?"
"?","?","?"
"?","?","?"
"23","58","2.5217"
"29","100","3.4482"
"20","151","7.55"
"102","179","1.7549"
"24","236","9.8333"
"?","?","?"
"16","16","1.0"
"12","57","4.75"
"?","?","?"
"140","172","1.2285"
"262","225","0.8587"
"21","133","6.3333"
"?","?","?"
"16","16","1.0"
"11","89","8.0909"
"?","?","?"
"?","?","?"
"135","125","0.9259"
"20","10","0.5"
"102","179","1.7549"
"142","198","1.3943"
"12","98","8.1666"
"?","?","?"
"?","?","?"
"12","101","8.4166"
"11","96","8.7272"
"142","198","1.3943"
"20","92","4.6"
"16","16","1.0"
"54","100","1.8518"
"191","144","0.7539"
"?","?","?"
"23","127","5.5217"
"22","150","6.8181"
"?","?","?"
"20","92","4.6"
"120","120","1.0"
"?","50","?"
"?","?","?"
"20","134","6.7"
"?","?","?"
"31","88","2.8387"
"11","94","8.5454"
"23","127","5.5217"
"87","94","1.0804"
"?","?","?"
"25","100","4.0"
"?","?","?"
"?","?","?"
"142","198","1.3943"
"20","10","0.5"
"25","100","4.0"
"23","26","1.1304"
"?","?","?"
"257","190","0.7392"
"?","?","?"
"134","184","1.3731"
"120","120","1.0"
"66","170","2.5757"
"11","64","5.8181"
"32","32","1.0"
"?","?","?"
"?","?","?"
"154","231","1.5"
"120","120","1.0"
"10","600","60.0"
"?","?","?"
"?","?","?"
"?","?","?"
"?","?","?"
"108","120","1.1111"
"?","?","?"
"?","?","?"
"?","?","?"
"200","150","0.75"
"44","110","2.5"
"?","?","?"
"?","?","?"
"12","86","7.1666"
"?","?","?"
"?","?","?"
"?","?","?"
"75","150","2.0"
"?","?","?"
"?","?","?"
"51","209","4.0980"
"16","16","1.0"
"12","101","8.4166"
"25","100","4.0"
"?","?","?"
"?","?","?"
"359","243","0.6768"
"?","?","?"
"?","?","?"
"12","102","8.5"
"21","112","5.3333"
"?","?","?"
"15","15","1.0"
"?","?","?"
"140","140","1.0"
"115","159","1.3826"
"50","200","4.0"
"175","158","0.9028"
"90","90","1.0"
"12","102","8.5"
"?","?","?"
"85","237","2.7882"
"75","150","2.0"
"132","200","1.5151"
"120","120","1.0"
"?","?","?"
"237","?","?"
"131","122","0.9312"
"57","37","0.6491"
"96","122","1.2708"
"12","101","8.4166"
"58","150","2.5862"
"50","82","1.64"
"76","146","1.9210"
"16","16","1.0"
"78","101","1.2948"
"?","?","?"
"90","90","1.0"
"125","125","1.0"
"?","?","?"
"12","101","8.4166"
"90","109","1.2111"
"33","224","6.7878"
"?","?","?"
"?","?","?"
"23","26","1.1304"
"?","42","?"
"?","?","?"
"149","182","1.2214"
"31","88","2.8387"
"16","16","1.0"
"75","150","2.0"
"120","120","1.0"
"114","110","0.9649"
"35","126","3.6"
"?","?","?"
"32","32","1.0"
"75","150","2.0"
"50","50","1.0"
"?","75","?"
"96","135","1.4062"
"212","201","0.9481"
"60","95","1.5833"
"50","50","1.0"
"75","150","2.0"
"?","?","?"
"?","?","?"
"?","?","?"
"11","94","8.5454"
"?","?","?"
"31","88","2.8387"
"120","120","1.0"
"?","?","?"
"35","126","3.6"
"95","80","0.8421"
"40","40","1.0"
"108","203","1.8796"
"11","96","8.7272"
"?","?","?"
"25","25","1.0"
"64","64","1.0"
"35","126","3.6"
"18","191","10.6111"
"40","140","3.5"
"11","89","8.0909"
"140","140","1.0"
"123","137","1.1138"
"108","229","2.1203"
"?","?","?"
"92","96","1.0434"
"12","57","4.75"
"31","88","2.8387"
"?","?","?"
"?","?","?"
"96","135","1.4062"
"54","90","1.6666"
"146","141","0.9657"
"?","?","?"
"90","90","1.0"
"75","150","2.0"
"65","95","1.4615"
"16","16","1.0"
"90","90","1.0"
"75","234","3.12"
"?","?","?"
"148","200","1.3513"
"?","?","?"
"?","?","?"
"35","156","4.4571"
"?","?","?"
"?","?","?"
"92","255","2.7717"
"60","67","1.1166"
"36","41","1.1388"
"?","?","?"
"43","140","3.2558"
"?","?","?"
"16","16","1.0"
"?","?","?"
"70","50","0.7142"
"100","160","1.6"
"?","?","?"
"90","90","1.0"
"?","?","?"
"43","140","3.2558"
"35","126","3.6"
"11","11","1.0"
"11","94","8.5454"
"?","?","?"
"40","46","1.15"
"84","73","0.8690"
"?","?","?"
"?","?","?"
"133","120","0.9022"
"?","?","?"
"11","11","1.0"
"154","196","1.2727"
"?","?","?"
"90","90","1.0"
"41","239","5.8292"
"125","250","2.0"
"31","88","2.8387"
"?","?","?"
"152","116","0.7631"
"20","92","4.6"
"?","?","?"
"?","?","?"
"90","90","1.0"
"?","?","?"
"11","11","1.0"
"20","400","20.0"
"145","162","1.1172"
"48","264","5.5"
"11","64","5.8181"
"11","11","1.0"
"152","116","0.7631"
"70","59","0.8428"
"35","126","3.6"
"40","40","1.0"
"20","150","7.5"
"21","21","1.0"
"35","126","3.6"
"131","196","1.4961"
"40","46","1.15"
"12","101","8.4166"
"100","?","?"
"?","?","?"
"?","?","?"
"69","75","1.0869"
"100","?","?"
"94","185","1.9680"
"40","46","1.15"
"20","150","7.5"
"82","77","0.9390"
"78","101","1.2948"
"?","?","?"
"20","10","0.5"
"?","?","?"
"12","101","8.4166"
"?","?","?"
"40","46","1.15"
"?","?","?"
"214","150","0.7009"
"?","?","?"
"110","176","1.6"
"90","127","1.4111"
"?","?","?"
"23","26","1.1304"
"48","48","1.0"
"?","?","?"
"32","32","1.0"
"11","64","5.8181"
"49","67","1.3673"
"50","50","1.0"
"?","70","?"
"48","75","1.5625"
"152","116","0.7631"
"?","?","?"
"36","38","1.0555"
"16","106","6.625"
"?","?","?"
"?","?","?"
"44","404","9.1818"
"80","200","2.5"
"16","106","6.625"
"100","?","?"
"75","59","0.7866"
"90","90","1.0"
"40","40","1.0"
"20","92","4.6"
"?","?","?"
"28","140","5.0"
"35","156","4.4571"
"51","75","1.4705"
"20","10","0.5"
"15","15","1.0"
"152","116","0.7631"
"60","75","1.25"
"?","?","?"
"100","100","1.0"
"90","90","1.0"
"23","30","1.3043"
"120","100","0.8333"
"?","?","?"
"61","194","3.1803"
"30","36","1.2"
"133","161","1.2105"
"31","88","2.8387"
"72","73","1.0138"
"?","?","?"
"57","89","1.5614"
"?","?","?"
"119","250","2.1008"
"40","40","1.0"
"21","100","4.7619"
"87","102","1.1724"
"78","101","1.2948"
"85","66","0.7764"
"20","84","4.2"
"16","130","8.125"
"20","10","0.5"
"45","63","1.4"
"?","?","?"
"16","16","1.0"
"?","?","?"
"64","158","2.4687"
"62","128","2.0645"
"?","?","?"
"40","40","1.0"
"23","26","1.1304"
"?","?","?"
"154","231","1.5"
"29","60","2.0689"
"40","40","1.0"
"15","15","1.0"
"96","466","4.8541"
"?","?","?"
"?","?","?"
"100","102","1.02"
"12","101","8.4166"
"?","?","?"
"16","130","8.125"
"?","?","?"
"115","150","1.3043"
"31","88","2.8387"
"?","200","?"
"16","120","7.5"
"50","400","8.0"
"?","?","?"
"89","83","0.9325"
"?","?","?"
"44","38","0.8636"
"?","?","?"
"56","56","1.0"
"193","180","0.9326"
"?","?","?"
"?","?","?"
"?","?","?"
"71","61","0.8591"
"?","?","?"
"?","?","?"
"51","161","3.1568"
"62","128","2.0645"
"?","?","?"
"?","?","?"
"71","71","1.0"
"31","88","2.8387"
"134","184","1.3731"
"?","?","?"
"65","110","1.6923"
"?","?","?"
"61","161","2.6393"
"?","?","?"
"?","?","?"
"?","?","?"
"52","52","1.0"
"65","110","1.6923"
"?","?","?"
"31","88","2.8387"
"?","?","?"
"12","101","8.4166"
"27","41","1.5185"
"115","212","1.8434"
"11","89","8.0909"
"51","161","3.1568"
"16","106","6.625"
"?","?","?"
"51","225","4.4117"
"60","202","3.3666"
"16","130","8.125"
"?","?","?"
"125","125","1.0"
"44","110","2.5"
"?","?","?"
"?","?","?"
"51","161","3.1568"
"74","74","1.0"
"16","130","8.125"
"?","?","?"
"?","?","?"
"72","72","1.0"
"77","77","1.0"
"?","?","?"
"16","130","8.125"
"?","?","?"
"?","?","?"
"?","?","?"
"134","184","1.3731"
"?","?","?"
"144","50","0.3472"
"?","?","?"
"20","600","30.0"
"16","106","6.625"
"44","110","2.5"
"?","?","?"
"?","?","?"
"40","46","1.15"
"12","57","4.75"
"15","15","1.0"
"154","231","1.5"
"12","123","10.25"
"44","110","2.5"
"149","182","1.2214"
"?","?","?"
"44","110","2.5"
"10","600","60.0"
"?","?","?"
"?","?","?"
"?","?","?"
"?","?","?"
"?","?","?"
"74","78","1.0540"
"31","88","2.8387"
"?","?","?"
"?","?","?"
"?","?","?"
"100","149","1.49"
"100","100","1.0"
"16","16","1.0"
"?","?","?"
"?","?","?"
"?","?","?"
"13","255","19.6153"
"11","11","1.0"
"32","32","1.0"
"?","?","?"
"16","16","1.0"
"60","120","2.0"
"62","60","0.9677"
"306","372","1.2156"
"32","88","2.75"
"?","?","?"
"?","?","?"
"149","182","1.2214"
"84","87","1.0357"
"?","?","?"
"113","204","1.8053"
"16","130","8.125"
"?","?","?"
"51","161","3.1568"
"84","87","1.0357"
"57","45","0.7894"
"100","100","1.0"
"?","?","?"
"63","60","0.9523"
"15","15","1.0"
"16","130","8.125"
"31","88","2.8387"
"34","44","1.2941"
"?","?","?"
"26","133","5.1153"
"65","55","0.8461"
"16","16","1.0"
"60","45","0.75"
"?","?","?"
"?","?","?"
"140","140","1.0"
"?","?","?"
"?","?","?"
"96","135","1.4062"
"51","201","3.9411"
"213","240","1.1267"
"10","600","60.0"
"60","45","0.75"
"16","130","8.125"
"?","?","?"
"36","41","1.1388"
"?","?","?"
"?","?","?"
"?","?","?"
"115","205","1.7826"
"?","?","?"
"?","?","?"
"?","?","?"
"?","?","?"
"11","96","8.7272"
"?","?","?"
"?","?","?"
"?","?","?"
"12","123","10.25"
"44","110","2.5"
"11","11","1.0"
"?","?","?"
"16","16","1.0"
"?","?","?"
"11","11","1.0"
"15","15","1.0"
"?","?","?"
"135","165","1.2222"
"?","?","?"
"?","?","?"
"84","88","1.0476"
"16","130","8.125"
"?","?","?"
"?","?","?"
"31","88","2.8387"
"44","110","2.5"
"?","?","?"
"12","101","8.4166"
"44","110","2.5"
"46","140","3.0434"
"120","120","1.0"
"?","?","?"
"?","?","?"
"65","145","2.2307"
"15","15","1.0"
"11","11","1.0"
"108","179","1.6574"
"16","16","1.0"
"?","?","?"
"187","290","1.5508"
"84","135","1.6071"
"43","126","2.9302"
"36","140","3.8888"
"56","128","2.2857"
"43","126","2.9302"
"?","?","?"
"?","?","?"
"?","?","?"
"15","15","1.0"
"12","102","8.5"
"43","125","2.9069"
"16","16","1.0"
"152","394","2.5921"
"?","?","?"
"44","110","2.5"
"?","?","?"
"43","211","4.9069"
"?","?","?"
"62","88","1.4193"
"?","?","?"
"51","76","1.4901"
"44","110","2.5"
"?","?","?"
"35","54","1.5428"
"?","?","?"
"110","210","1.9090"
"114","110","0.9649"
"?","?","?"
"12","57","4.75"
"27","119","4.4074"
"36","140","3.8888"
"63","202","3.2063"
"10","600","60.0"
"26","133","5.1153"
"16","16","1.0"
"?","?","?"
"70","105","1.5"
"16","130","8.125"
"12","102","8.5"
"44","48","1.0909"
"11","11","1.0"
"?","?","?"
"?","?","?"
"?","?","?"
"104","135","1.2980"
"60","140","2.3333"
"?","?","?"
"11","11","1.0"
"59","94","1.5932"
"44","46","1.0454"
"86","54","0.6279"
"75","95","1.2666"
"?","?","?"
"108","151","1.3981"
"35","54","1.5428"
"75","55","0.7333"
"12","101","8.4166"
"?","?","?"
"?","?","?"
"?","?","?"
"36","140","3.8888"
"?","?","?"
"90","90","1.0"
"16","16","1.0"
"75","229","3.0533"
"132","270","2.0454"
"36","140","3.8888"
"22","200","9.0909"
"107","135","1.2616"
"25","80","3.2"
"31","88","2.8387"
"11","11","1.0"
"90","90","1.0"
"16","16","1.0"
"44","140","3.1818"
"110","210","1.9090"
"35","54","1.5428"
"75","71","0.9466"
"60","140","2.3333"
"?","?","?"
"63","75","1.1904"
"13","89","6.8461"
"?","?","?"
"31","88","2.8387"
"?","?","?"
"35","54","1.5428"
"11","89","8.0909"
"?","?","?"
"25","133","5.32"
"49","96","1.9591"
"?","?","?"
"146","114","0.7808"
"?","?","?"
"99","103","1.0404"
"12","57","4.75"
"60","140","2.3333"
"?","?","?"
"?","?","?"
"11","11","1.0"
"100","78","0.78"
"16","16","1.0"
"?","?","?"
"110","210","1.9090"
"80","85","1.0625"
"33","159","4.8181"
"11","96","8.7272"
"?","?","?"
"45","48","1.0666"
"?","?","?"
"36","140","3.8888"
"75","73","0.9733"
"90","73","0.8111"
"57","50","0.8771"
"?","?","?"
"93","135","1.4516"
"70","70","1.0"
"13","89","6.8461"
"118","79","0.6694"
"11","11","1.0"
"12","98","8.1666"
"43","46","1.0697"
"63","202","3.2063"
"54","100","1.8518"
"?","?","?"
"60","140","2.3333"
"99","101","1.0202"
"18","24","1.3333"
"?","?","?"
"45","47","1.0444"
"?","?","?"
"80","89","1.1125"
"?","?","?"
"132","100","0.7575"
"?","?","?"
"39","38","0.9743"
"26","133","5.1153"
"110","210","1.9090"
"70","50","0.7142"
"12","102","8.5"
"16","16","1.0"
"165","140","0.8484"
"12","101","8.4166"
"70","75","1.0714"
"63","202","3.2063"
"47","50","1.0638"
"?","?","?"
"60","140","2.3333"
"?","?","?"
"13","89","6.8461"
"?","?","?"
"?","?","?"
"?","?","?"
"63","202","3.2063"
"85","85","1.0"
"80","83","1.0375"
"?","?","?"
"20","96","4.8"
"35","54","1.5428"
"63","202","3.2063"
"12","98","8.1666"
"16","140","8.75"
"40","48","1.2"
"23","26","1.1304"
"60","140","2.3333"
"80","41","0.5125"
"?","?","?"
"35","54","1.5428"
"16","16","1.0"
"351","494","1.4074"
"12","101","8.4166"
"?","?","?"
"?","?","?"
"41","67","1.6341"
"?","?","?"
"110","210","1.9090"
"36","140","3.8888"
"?","?","?"
"?","?","?"
"59","94","1.5932"
"13","89","6.8461"
"?","?","?"
"?","?","?"
"100","176","1.76"
"44","47","1.0681"
"31","88","2.8387"
"12","86","7.1666"
"60","140","2.3333"
"11","94","8.5454"
"16","140","8.75"
"23","26","1.1304"
"37","94","2.5405"
"?","?","?"
"11","11","1.0"
"32","259","8.0937"
"?","?","?"
"95","174","1.8315"
"11","64","5.8181"
"216","165","0.7638"
"?","?","?"
"?","?","?"
"107","135","1.2616"
"60","75","1.25"
"18","24","1.3333"
"37","216","5.8378"
"?","?","?"
"24","32","1.3333"
"33","290","8.7878"
"?","?","?"
"?","?","?"
"75","57","0.76"
"12","101","8.4166"
"?","?","?"
"100","160","1.6"
"82","192","2.3414"
"80","85","1.0625"
"?","?","?"
"11","89","8.0909"
"48","264","5.5"
"31","88","2.8387"
"36","140","3.8888"
"11","94","8.5454"
"22","38","1.7272"
"32","319","9.9687"
"12","57","4.75"
"?","?","?"
"16","16","1.0"
"?","?","?"
"75","95","1.2666"
"?","?","?"
"45","44","0.9777"
"?","?","?"
"31","88","2.8387"
"75","71","0.9466"
"?","?","?"
"?","?","?"
"?","?","?"
"?","?","?"
"45","44","0.9777"
"24","32","1.3333"
"?","?","?"
"?","?","?"
"?","?","?"
"31","88","2.8387"
"70","15","0.2142"
"15","15","1.0"
"45","201","4.4666"
"13","89","6.8461"
"?","?","?"
"?","?","?"
"?","?","?"
"?","?","?"
"12","57","4.75"
"45","216","4.8"
"60","140","2.3333"
"18","24","1.3333"
"18","20","1.1111"
"?","?","?"
"?","?","?"
"11","96","8.7272"
"23","127","5.5217"
"?","?","?"
"?","?","?"
"?","?","?"
"110","110","1.0"
"50","75","1.5"
"?","?","?"
"?","?","?"
"51","161","3.1568"
"?","?","?"
"?","?","?"
"11","96","8.7272"
"16","16","1.0"
"11","89","8.0909"
"165","140","0.8484"
"?","?","?"
"75","67","0.8933"
"80","83","1.0375"
"35","75","2.1428"
"?","?","?"
"57","85","1.4912"
"51","161","3.1568"
"276","150","0.5434"
"16","16","1.0"
"?","?","?"
"46","75","1.6304"
"31","88","2.8387"
"165","140","0.8484"
"35","62","1.7714"
"51","161","3.1568"
"23","127","5.5217"
"?","?","?"
"50","50","1.0"
"52","15","0.2884"
"120","166","1.3833"
"16","16","1.0"
"11","64","5.8181"
"11","400","36.3636"
"?","?","?"
"15","107","7.1333"
"?","?","?"
"?","?","?"
"?","?","?"
"11","89","8.0909"
"31","88","2.8387"
"48","264","5.5"
"11","94","8.5454"
"?","?","?"
"?","?","?"
"46","96","2.0869"
"51","161","3.1568"
"?","?","?"
"?","?","?"
"70","50","0.7142"
"?","?","?"
"12","85","7.0833"
"?","?","?"
"?","?","?"
"43","108","2.5116"
"?","?","?"
"63","150","2.3809"
"12","86","7.1666"
"16","130","8.125"
"11","96","8.7272"
"?","?","?"
"110","140","1.2727"
"40","102","2.55"
"16","16","1.0"
"?","?","?"
"41","119","2.9024"
"12","102","8.5"
"?","?","?"
"?","?","?"
"?","?","?"
"77","77","1.0"
"?","?","?"
"100","178","1.78"
"?","?","?"
"42","372","8.8571"
"?","?","?"
"?","?","?"
"23","127","5.5217"
"?","?","?"
"?","?","?"
"16","20","1.25"
"43","126","2.9302"
"45","216","4.8"
"75","66","0.88"
"81","85","1.0493"
"12","89","7.4166"
"96","175","1.8229"
"?","?","?"
"40","40","1.0"
"12","101","8.4166"
"40","70","1.75"
"45","216","4.8"
"24","24","1.0"
"?","?","?"
"?","?","?"
"98","162","1.6530"
"162","600","3.7037"
"16","130","8.125"
"?","?","?"
"15","80","5.3333"
"?","?","?"
"110","90","0.8181"
"102","179","1.7549"
"149","182","1.2214"
"?","?","?"
"16","130","8.125"
"?","?","?"
"?","?","?"
"?","?","?"
"29","160","5.5172"
"15","80","5.3333"
"138","139","1.0072"
"31","88","2.8387"
"40","70","1.75"
"47","120","2.5531"
"?","?","?"
"51","161","3.1568"
"?","?","?"
"45","240","5.3333"
"?","?","?"
"?","?","?"
"15","80","5.3333"
"31","88","2.8387"
"?","?","?"
"?","?","?"
"75","97","1.2933"
"23","127","5.5217"
"165","140","0.8484"
"70","15","0.2142"
"12","98","8.1666"
"16","16","1.0"
"?","?","?"
"24","24","1.0"
"225","225","1.0"
"?","?","?"
"?","?","?"
"16","16","1.0"
"?","?","?"
"?","?","?"
"102","179","1.7549"
"35","187","5.3428"
"24","24","1.0"
"50","50","1.0"
"362","350","0.9668"
"?","?","?"
"?","?","?"
"?","?","?"
"?","?","?"
"?","?","?"
"31","88","2.8387"
"51","161","3.1568"
"40","61","1.525"
"11","96","8.7272"
"10","600","60.0"
"51","161","3.1568"
"?","?","?"
"90","128","1.4222"
"11","94","8.5454"
"?","?","?"
"41","61","1.4878"
"?","?","?"
"?","?","?"
"15","80","5.3333"
"?","?","?"
"11","94","8.5454"
"24","24","1.0"
"40","86","2.15"
"20","96","4.8"
"16","16","1.0"
"?","?","?"
"?","?","?"
"35","135","3.8571"
"57","319","5.5964"
"?","?","?"
"165","43","0.2606"
"?","?","?"
"24","30","1.25"
"?","?","?"
"?","?","?"
"150","238","1.5866"
"100","100","1.0"
"39","78","2.0"
"55","55","1.0"
"165","43","0.2606"
"12","59","4.9166"
"14","82","5.8571"
"?","?","?"
"?","?","?"
"?","?","?"
"?","?","?"
"?","?","?"
"?","?","?"
"40","111","2.775"
"?","?","?"
"?","?","?"
"35","146","4.1714"
"40","400","10.0"
"115","205","1.7826"
"16","16","1.0"
"?","?","?"
"?","?","?"
"70","100","1.4285"
"31","112","3.6129"
"11","89","8.0909"
"24","150","6.25"
"48","264","5.5"
"?","?","?"
"77","100","1.2987"
"170","207","1.2176"
"?","?","?"
"293","175","0.5972"
"24","30","1.25"
"25","25","1.0"
"?","?","?"
"11","64","5.8181"
"?","?","?"
"16","16","1.0"
"?","?","?"
"27","43","1.5925"
"?","?","?"
"42","42","1.0"
"125","200","1.6"
"10","34","3.4"
"11","94","8.5454"
"?","?","?"
"24","24","1.0"
"?","?","?"
"?","?","?"
"?","?","?"
"195","127","0.6512"
"28","105","3.75"
"50","81","1.62"
"140","140","1.0"
"24","24","1.0"
"?","?","?"
"35","119","3.4"
"36","140","3.8888"
"99","437","4.4141"
"?","?","?"
"114","107","0.9385"
"24","30","1.25"
"23","26","1.1304"
"?","?","?"
"?","?","?"
"?","?","?"
"214","204","0.9532"
"40","129","3.225"
"24","24","1.0"
"24","150","6.25"
"24","30","1.25"
"38","38","1.0"
"?","?","?"
"31","88","2.8387"
"?","?","?"
"25","100","4.0"
"?","?","?"
"22","200","9.0909"
"?","?","?"
"16","81","5.0625"
"24","30","1.25"
"100","100","1.0"
"31","88","2.8387"
"23","66","2.8695"
"15","80","5.3333"
"?","?","?"
"211","210","0.9952"
"38","38","1.0"
"16","16","1.0"
"60","80","1.3333"
"180","224","1.2444"
"12","101","8.4166"
"36","41","1.1388"
"86","83","0.9651"
"?","?","?"
"38","160","4.2105"
"?","?","?"
"40","40","1.0"
"?","?","?"
"40","48","1.2"
"52","144","2.7692"
"?","?","?"
"?","?","?"
"258","257","0.9961"
"25","100","4.0"
"36","140","3.8888"
"12","98","8.1666"
"?","?","?"
"39","71","1.8205"
"?","?","?"
"10","38","3.8"
"24","150","6.25"
"12","102","8.5"
"25","100","4.0"
"?","?","?"
"16","16","1.0"
"26","104","4.0"
"25","100","4.0"
"35","99","2.8285"
"31","88","2.8387"
"20","96","4.8"
"?","?","?"
"12","57","4.75"
"26","104","4.0"
"?","?","?"
"?","?","?"
"10","46","4.6"
"?","?","?"
"?","?","?"
"?","?","?"
"42","43","1.0238"
"?","?","?"
"200","200","1.0"
"?","?","?"
"?","?","?"
"58","58","1.0"
"24","30","1.25"
"40","48","1.2"
"?","?","?"
"52","144","2.7692"
"36","140","3.8888"
"?","?","?"
"?","?","?"
"30","30","1.0"
"28","105","3.75"
"43","40","0.9302"
"?","?","?"
"10","21","2.1"
"31","88","2.8387"
"70","96","1.3714"
"?","?","?"
"52","144","2.7692"
"103","92","0.8932"
"42","43","1.0238"
"169","94","0.5562"
"?","?","?"
"?","?","?"
"?","?","?"
"28","105","3.75"
"98","150","1.5306"
"108","110","1.0185"
"90","85","0.9444"
"67","104","1.5522"
"43","42","0.9767"
"?","?","?"
"16","86","5.375"
"?","?","?"
"22","200","9.0909"
"52","144","2.7692"
"75","200","2.6666"
"100","100","1.0"
"?","?","?"
"?","?","?"
"53","53","1.0"
"?","?","?"
"24","30","1.25"
"16","16","1.0"
"38","41","1.0789"
"?","?","?"
"?","?","?"
"?","?","?"
"?","?","?"
"26","104","4.0"
"134","184","1.3731"
"?","?","?"
"24","30","1.25"
"28","105","3.75"
"16","90","5.625"
"40","48","1.2"
"36","140","3.8888"
"26","104","4.0"
"24","30","1.25"
"18","66","3.6666"
"154","231","1.5"
"36","140","3.8888"
"11","64","5.8181"
"?","?","?"
"10","600","60.0"
"?","?","?"
"28","105","3.75"
"52","144","2.7692"
"54","56","1.0370"
"16","43","2.6875"
"?","?","?"
"16","16","1.0"
"28","105","3.75"
"30","143","4.7666"
"105","101","0.9619"
"75","95","1.2666"
"?","?","?"
"28","105","3.75"
"60","55","0.9166"
"?","?","?"
"43","114","2.6511"
"45","45","1.0"
"24","30","1.25"
"25","100","4.0"
"?","?","?"
"40","48","1.2"
"38","44","1.1578"
"?","?","?"
"?","?","?"
"28","105","3.75"
"?","?","?"
"109","108","0.9908"
"52","15","0.2884"
"16","16","1.0"
"205","200","0.9756"
"49","87","1.7755"
"43","43","1.0"
"?","?","?"
"?","?","?"
"?","?","?"
"99","150","1.5151"
"90","65","0.7222"
"114","110","0.9649"
"105","150","1.4285"
"?","?","?"
"49","87","1.7755"
"?","?","?"
"31","88","2.8387"
"61","185","3.0327"
"11","64","5.8181"
"?","?","?"
"?","?","?"
"19","450","23.6842"
"80","125","1.5625"
"?","?","?"
"49","119","2.4285"
"?","?","?"
"?","?","?"
"69","325","4.7101"
"56","100","1.7857"
"28","105","3.75"
"80","125","1.5625"
"22","122","5.5454"
"110","393","3.5727"
"?","?","?"
"16","16","1.0"
"22","250","11.3636"
"?","?","?"
"28","105","3.75"
"?","?","?"
"120","150","1.25"
"24","24","1.0"
"?","?","?"
"61","65","1.0655"
"100","150","1.5"
"35","288","8.2285"
"24","30","1.25"
"?","?","?"
"?","?","?"
"68","92","1.3529"
"227","180","0.7929"
"31","88","2.8387"
"?","?","?"
"51","115","2.2549"
"16","54","3.375"
"39","143","3.6666"
"104","150","1.4423"
"75","99","1.32"
"111","110","0.9909"
"110","275","2.5"
"?","?","?"
"32","32","1.0"
"?","?","?"
"?","?","?"
"28","105","3.75"
"25","31","1.24"
"24","24","1.0"
"62","120","1.9354"
"49","61","1.2448"
"24","30","1.25"
"38","198","5.2105"
"109","91","0.8348"
"?","?","?"
"?","?","?"
"16","16","1.0"
"?","?","?"
"?","?","?"
"16","76","4.75"
"32","32","1.0"
"?","?","?"
"?","?","?"
"125","95","0.76"
"100","150","1.5"
"87","150","1.7241"
"149","182","1.2214"
"?","?","?"
"35","97","2.7714"
"129","149","1.1550"
"?","?","?"
"151","393","2.6026"
"?","?","?"
"106","183","1.7264"
"35","64","1.8285"
"100","100","1.0"
"58","252","4.3448"
"113","110","0.9734"
"?","?","?"
"102","179","1.7549"
"?","?","?"
"106","90","0.8490"
"?","?","?"
"?","?","?"
"?","?","?"
"16","16","1.0"
"100","89","0.89"
"24","30","1.25"
"?","?","?"
"?","?","?"
"50","50","1.0"
"?","?","?"
"36","35","0.9722"
"480","640","1.3333"
"51","80","1.5686"
"113","110","0.9734"
"?","?","?"
"34","133","3.9117"
"?","?","?"
"57","45","0.7894"
"74","70","0.9459"
"?","?","?"
"51","80","1.5686"
"?","?","?"
"154","231","1.5"
"15","80","5.3333"
"105","200","1.9047"
"?","?","?"
"100","150","1.5"
"100","190","1.9"
"?","?","?"
"?","?","?"
"24","30","1.25"
"100","172","1.72"
"134","184","1.3731"
"29","230","7.9310"
"95","150","1.5789"
"?","?","?"
"94","73","0.7765"
"65","45","0.6923"
"19","19","1.0"
"?","?","?"
"?","?","?"
"?","?","?"
"112","110","0.9821"
"?","?","?"
"?","?","?"
"24","30","1.25"
"160","126","0.7875"
"33","33","1.0"
"?","?","?"
"151","236","1.5629"
"60","67","1.1166"
"19","96","5.0526"
"?","?","?"
"58","55","0.9482"
"60","100","1.6666"
"51","80","1.5686"
"16","16","1.0"
"94","289","3.0744"
"72","72","1.0"
"50","54","1.08"
"?","?","?"
"70","65","0.9285"
"32","32","1.0"
"35","64","1.8285"
"?","?","?"
"16","16","1.0"
"15","80","5.3333"
"12","55","4.5833"
"350","212","0.6057"
"?","?","?"
"31","88","2.8387"
"10","44","4.4"
"58","252","4.3448"
"?","?","?"
"15","80","5.3333"
"40","590","14.75"
"12","101","8.4166"
"?","?","?"
"24","30","1.25"
"100","167","1.67"
"?","?","?"
"?","?","?"
"?","?","?"
"15","80","5.3333"
"82","84","1.0243"
"83","110","1.3253"
"110","76","0.6909"
"72","15","0.2083"
"24","24","1.0"
"16","16","1.0"
"134","184","1.3731"
"35","75","2.1428"
"30","124","4.1333"
"15","80","5.3333"
"?","?","?"
"28","280","10.0"
"?","72","?"
"31","88","2.8387"
"23","26","1.1304"
"12","74","6.1666"
"35","70","2.0"
"10","600","60.0"
"?","?","?"
"?","?","?"
"91","180","1.9780"
"140","180","1.2857"
"24","30","1.25"
"?","?","?"
"15","80","5.3333"
"24","24","1.0"
"?","?","?"
"154","231","1.5"
"35","84","2.4"
"24","30","1.25"
"246","180","0.7317"
"40","237","5.925"
"?","?","?"
"15","80","5.3333"
"?","?","?"
"140","180","1.2857"
"31","88","2.8387"
"?","72","?"
"?","?","?"
"?","?","?"
"28","230","8.2142"
"140","180","1.2857"
"26","120","4.6153"
"50","400","8.0"
"?","?","?"
"?","?","?"
"?","?","?"
"15","80","5.3333"
"28","230","8.2142"
"?","?","?"
"?","?","?"
"42","125","2.9761"
"?","?","?"
"40","140","3.5"
"?","?","?"
"?","?","?"
"31","88","2.8387"
"24","30","1.25"
"16","109","6.8125"
"?","?","?"
"?","?","?"
"24","24","1.0"
"141","419","2.9716"
"62","88","1.4193"
"15","80","5.3333"
"?","?","?"
"96","65","0.6770"
"?","?","?"
"15","80","5.3333"
"31","88","2.8387"
"?","?","?"
"15","80","5.3333"
"110","120","1.0909"
"28","229","8.1785"
"31","88","2.8387"
"?","?","?"
"?","?","?"
"11","89","8.0909"
"?","?","?"
"140","140","1.0"
"23","26","1.1304"
"100","505","5.05"
"57","55","0.9649"
"18","24","1.3333"
"12","98","8.1666"
"?","?","?"
"28","100","3.5714"
"11","64","5.8181"
"62","128","2.0645"
"100","100","1.0"
"?","?","?"
"80","90","1.125"
"60","60","1.0"
"46","96","2.0869"
"80","76","0.95"
"46","96","2.0869"
"?","?","?"
"12","102","8.5"
"11","96","8.7272"
"?","?","?"
"101","389","3.8514"
"100","80","0.8"
"?","?","?"
"?","?","?"
"?","?","?"
"48","80","1.6666"
"12","101","8.4166"
"?","?","?"
"12","57","4.75"
"?","?","?"
"?","?","?"
"12","101","8.4166"
"33","33","1.0"
"100","100","1.0"
"43","44","1.0232"
"100","505","5.05"
"118","136","1.1525"
"28","100","3.5714"
"100","100","1.0"
"33","33","1.0"
"23","26","1.1304"
"11","89","8.0909"
"?","?","?"
"52","15","0.2884"
"46","96","2.0869"
"18","24","1.3333"
"?","?","?"
"46","96","2.0869"
"?","?","?"
"90","90","1.0"
"?","?","?"
"11","64","5.8181"
"46","96","2.0869"
"?","?","?"
"58","252","4.3448"
"?","?","?"
"20","100","5.0"
"75","200","2.6666"
"11","64","5.8181"
"46","96","2.0869"
"12","98","8.1666"
"60","60","1.0"
"11","94","8.5454"
"140","140","1.0"
"?","?","?"
"46","96","2.0869"
"40","40","1.0"
"58","252","4.3448"
"43","157","3.6511"
"11","94","8.5454"
"27","100","3.7037"
"140","140","1.0"
"80","86","1.075"
"58","285","4.9137"
"48","264","5.5"
"?","?","?"
"?","?","?"
"65","52","0.8"
"20","100","5.0"
"58","252","4.3448"
"86","72","0.8372"
"?","?","?"
"20","100","5.0"
"31","124","4.0"
"12","102","8.5"
"?","?","?"
"60","140","2.3333"
"12","86","7.1666"
"?","?","?"
"23","216","9.3913"
"75","100","1.3333"
"60","140","2.3333"
"33","33","1.0"
"95","110","1.1578"
"46","96","2.0869"
"100","100","1.0"
"38","96","2.5263"
"23","19","0.8260"
"?","?","?"
"12","101","8.4166"
"39","90","2.3076"
"60","43","0.7166"
"30","100","3.3333"
"80","89","1.1125"
"138","200","1.4492"
"19","80","4.2105"
"12","102","8.5"
"60","43","0.7166"
"45","130","2.8888"
"20","100","5.0"
"12","101","8.4166"
"50","50","1.0"
"140","140","1.0"
"103","149","1.4466"
"60","43","0.7166"
"18","128","7.1111"
"100","505","5.05"
"86","194","2.2558"
"?","?","?"
"90","97","1.0777"
"24","75","3.125"
"40","40","1.0"
"62","88","1.4193"
"12","57","4.75"
"30","100","3.3333"
"46","96","2.0869"
"?","?","?"
"60","140","2.3333"
"80","88","1.1"
"640","1","0.0015"
"12","86","7.1666"
"30","100","3.3333"
"?","?","?"
"?","?","?"
"32","214","6.6875"
"200","166","0.83"
"?","?","?"
"49","49","1.0"
"60","80","1.3333"
"31","88","2.8387"
"60","140","2.3333"
"20","100","5.0"
"11","96","8.7272"
"10","600","60.0"
"31","88","2.8387"
"60","140","2.3333"
"32","88","2.75"
"83","200","2.4096"
"60","43","0.7166"
"46","96","2.0869"
"80","86","1.075"
"53","70","1.3207"
"?","?","?"
"228","100","0.4385"
"83","100","1.2048"
"16","16","1.0"
"25","120","4.8"
"177","150","0.8474"
"?","?","?"
"23","19","0.8260"
"?","?","?"
"47","49","1.0425"
"?","?","?"
"?","?","?"
"136","207","1.5220"
"?","?","?"
"25","120","4.8"
"?","?","?"
"80","87","1.0875"
"150","124","0.8266"
"20","100","5.0"
"11","89","8.0909"
"?","?","?"
"30","100","3.3333"
"80","78","0.975"
"18","129","7.1666"
"11","94","8.5454"
"30","100","3.3333"
"43","114","2.6511"
"10","600","60.0"
"80","92","1.15"
"37","34","0.9189"
"?","?","?"
"25","120","4.8"
"31","88","2.8387"
"104","104","1.0"
"31","124","4.0"
"19","186","9.7894"
"60","43","0.7166"
"25","120","4.8"
"12","101","8.4166"
"80","89","1.1125"
"23","19","0.8260"
"11","96","8.7272"
"40","400","10.0"
"60","43","0.7166"
"20","125","6.25"
"234","218","0.9316"
"125","250","2.0"
"124","289","2.3306"
"23","19","0.8260"
"12","101","8.4166"
"12","57","4.75"
"60","43","0.7166"
"80","94","1.175"
"23","135","5.8695"
"31","88","2.8387"
"12","102","8.5"
"71","373","5.2535"
"24","120","5.0"
"?","?","?"
"31","88","2.8387"
"?","?","?"
"20","175","8.75"
"150","108","0.72"
"37","34","0.9189"
"?","?","?"
"78","104","1.3333"
"23","225","9.7826"
"170","110","0.6470"
"23","19","0.8260"
"103","105","1.0194"
"24","120","5.0"
"?","?","?"
"75","200","2.6666"
"24","75","3.125"
"?","?","?"
"?","?","?"
"35","114","3.2571"
"76","87","1.1447"
"80","116","1.45"
"55","75","1.3636"
"38","96","2.5263"
"60","43","0.7166"
"18","57","3.1666"
"81","129","1.5925"
"57","345","6.0526"
"11","89","8.0909"
"78","104","1.3333"
"80","95","1.1875"
"?","?","?"
"31","241","7.7741"
"?","?","?"
"15","82","5.4666"
"23","19","0.8260"
"23","225","9.7826"
"24","120","5.0"
"80","80","1.0"
"21","110","5.2380"
"?","?","?"
"32","248","7.75"
"33","85","2.5757"
"80","94","1.175"
"14","70","5.0"
"?","?","?"
"100","111","1.11"
"24","120","5.0"
"40","68","1.7"
"11","94","8.5454"
"95","94","0.9894"
"32","214","6.6875"
"254","212","0.8346"
"?","?","?"
"23","19","0.8260"
"110","178","1.6181"
"25","68","2.72"
"?","?","?"
"33","224","6.7878"
"64","203","3.1718"
"31","209","6.7419"
"210","244","1.1619"
"25","120","4.8"
"68","66","0.9705"
"106","119","1.1226"
"?","?","?"
"?","?","?"
"80","87","1.0875"
"60","60","1.0"
"23","19","0.8260"
"19","96","5.0526"
"60","80","1.3333"
"20","175","8.75"
"11","64","5.8181"
"60","73","1.2166"
"64","250","3.9062"
"36","75","2.0833"
"?","?","?"
"23","26","1.1304"
"75","95","1.2666"
"20","100","5.0"
"23","26","1.1304"
"25","112","4.48"
"?","?","?"
"120","120","1.0"
"20","175","8.75"
"80","87","1.0875"
"60","43","0.7166"
"80","100","1.25"
"1","1","1.0"
"?","?","?"
"?","?","?"
"50","50","1.0"
"?","?","?"
"292","151","0.5171"
"?","?","?"
"66","155","2.3484"
"12","98","8.1666"
"311","367","1.1800"
"103","80","0.7766"
"80","87","1.0875"
"?","?","?"
"80","90","1.125"
"19","37","1.9473"
"25","46","1.84"
"12","101","8.4166"
"?","?","?"
"95","110","1.1578"
"?","?","?"
"329","207","0.6291"
"?","?","?"
"12","57","4.75"
"?","?","?"
"?","?","?"
"72","367","5.0972"
"20","191","9.55"
"?","?","?"
"?","?","?"
"75","95","1.2666"
"31","88","2.8387"
"40","399","9.975"
"40","130","3.25"
"31","88","2.8387"
"?","?","?"
"90","90","1.0"
"95","110","1.1578"
"77","370","4.8051"
"33","35","1.0606"
"20","100","5.0"
"?","?","?"
"176","408","2.3181"
"?","?","?"
"?","?","?"
"95","104","1.0947"
"328","120","0.3658"
"77","108","1.4025"
"35","126","3.6"
"60","75","1.25"
"11","96","8.7272"
"12","101","8.4166"
"80","90","1.125"
"80","87","1.0875"
"17","98","5.7647"
"46","173","3.7608"
"?","?","?"
"77","108","1.4025"
"80","89","1.1125"
"31","88","2.8387"
"23","98","4.2608"
"120","120","1.0"
"77","370","4.8051"
"40","120","3.0"
"30","129","4.3"
"80","89","1.1125"
"?","?","?"
"77","108","1.4025"
"17","38","2.2352"
"20","134","6.7"
"?","?","?"
"120","120","1.0"
"14","67","4.7857"
"16","100","6.25"
"90","95","1.0555"
"20","20","1.0"
"?","?","?"
"77","108","1.4025"
"?","?","?"
"20","134","6.7"
"32","128","4.0"
"140","172","1.2285"
"31","88","2.8387"
"22","110","5.0"
"39","100","2.5641"
"35","126","3.6"
"210","188","0.8952"
"?","?","?"
"?","?","?"
"?","?","?"
"70","50","0.7142"
"66","360","5.4545"
"?","?","?"
"20","134","6.7"
"162","245","1.5123"
"14","21","1.5"
"?","?","?"
"31","88","2.8387"
"90","100","1.1111"
"28","91","3.25"
"?","?","?"
"50","40","0.8"
"151","120","0.7947"
"236","214","0.9067"
"?","?","?"
"29","87","3.0"
"95","110","1.1578"
"39","325","8.3333"
"40","40","1.0"
"62","88","1.4193"
"153","213","1.3921"
"?","?","?"
"?","?","?"
"22","110","5.0"
"42","412","9.8095"
"26","122","4.6923"
"102","179","1.7549"
"24","24","1.0"
"31","88","2.8387"
"63","75","1.1904"
"32","32","1.0"
"?","?","?"
"90","128","1.4222"
"78","139","1.7820"
"?","?","?"
"143","214","1.4965"
"?","?","?"
"?","?","?"
"22","110","5.0"
"149","182","1.2214"
"76","108","1.4210"
"?","?","?"
"27","73","2.7037"
"102","179","1.7549"
"174","100","0.5747"
"?","?","?"
"?","?","?"
"31","88","2.8387"
"115","205","1.7826"
"146","141","0.9657"
"30","90","3.0"
"149","182","1.2214"
"204","195","0.9558"
"?","?","?"
"24","24","1.0"
"36","88","2.4444"
"25","83","3.32"
"17","102","6.0"
"62","88","1.4193"
"12","101","8.4166"
"39","67","1.7179"
"11","115","10.4545"
"31","88","2.8387"
"?","?","?"
"140","140","1.0"
"?","?","?"
"16","100","6.25"
"150","250","1.6666"
"24","74","3.0833"
"24","24","1.0"
"?","?","?"
"36","142","3.9444"
"115","205","1.7826"
"31","88","2.8387"
"40","70","1.75"
"?","?","?"
"?","?","?"
"100","84","0.84"
"?","?","?"
"144","216","1.5"
"39","150","3.8461"
"20","90","4.5"
"?","?","?"
"?","?","?"
"31","241","7.7741"
"18","18","1.0"
"12","101","8.4166"
"14","109","7.7857"
"133","200","1.5037"
"60","240","4.0"
"?","?","?"
"133","200","1.5037"
"?","?","?"
"62","148","2.3870"
"40","70","1.75"
"324","210","0.6481"
"26","122","4.6923"
"173","136","0.7861"
"138","223","1.6159"
"110","125","1.1363"
"324","210","0.6481"
"74","78","1.0540"
"149","182","1.2214"
"90","64","0.7111"
"325","397","1.2215"
"?","?","?"
"?","?","?"
"?","?","?"
"?","?","?"
"37","34","0.9189"
"26","122","4.6923"
"31","88","2.8387"
"140","140","1.0"
"40","70","1.75"
"?","?","?"
"?","?","?"
"?","?","?"
"?","?","?"
"64","64","1.0"
"?","?","?"
"131","132","1.0076"
"?","?","?"
"141","254","1.8014"
"?","?","?"
"12","67","5.5833"
"?","?","?"
"140","140","1.0"
"16","55","3.4375"
"49","103","2.1020"
"?","?","?"
"?","?","?"
"146","141","0.9657"
"36","150","4.1666"
"28","118","4.2142"
"?","?","?"
"?","?","?"
"31","88","2.8387"
"103","132","1.2815"
"?","?","?"
"36","114","3.1666"
"33","88","2.6666"
"150","150","1.0"
"?","?","?"
"?","?","?"
"149","182","1.2214"
"?","?","?"
"32","88","2.75"
"181","200","1.1049"
"140","140","1.0"
"?","?","?"
"12","108","9.0"
"150","200","1.3333"
"?","?","?"
"105","134","1.2761"
"50","66","1.32"
"23","26","1.1304"
"145","242","1.6689"
"114","100","0.8771"
"245","200","0.8163"
"110","120","1.0909"
"150","200","1.3333"
"?","?","?"
"50","400","8.0"
"118","89","0.7542"
"31","88","2.8387"
"12","85","7.0833"
"31","209","6.7419"
"?","?","?"
"50","94","1.88"
"76","100","1.3157"
"76","108","1.4210"
"?","?","?"
"?","?","?"
"50","40","0.8"
"180","241","1.3388"
"120","160","1.3333"
"46","100","2.1739"
"110","108","0.9818"
"?","?","?"
"38","96","2.5263"
"194","175","0.9020"
"131","200","1.5267"
"194","184","0.9484"
"31","88","2.8387"
"200","201","1.005"
"?","?","?"
"12","101","8.4166"
"50","50","1.0"
"?","?","?"
"15","60","4.0"
"?","?","?"
"?","?","?"
"230","200","0.8695"
"32","248","7.75"
"?","?","?"
"?","?","?"
"145","200","1.3793"
"200","200","1.0"
"102","88","0.8627"
"30","90","3.0"
"132","130","0.9848"
"26","104","4.0"
"24","120","5.0"
"11","70","6.3636"
"32","32","1.0"
"16","250","15.625"
"80","84","1.05"
"26","104","4.0"
"?","?","?"
"?","?","?"
"102","179","1.7549"
"?","?","?"
"26","58","2.2307"
"151","120","0.7947"
"24","120","5.0"
"200","179","0.895"
"300","450","1.5"
"?","?","?"
"137","150","1.0948"
"?","?","?"
"11","94","8.5454"
"75","200","2.6666"
"74","102","1.3783"
"196","178","0.9081"
"125","200","1.6"
"178","110","0.6179"
"?","?","?"
"120","150","1.25"
"?","?","?"
"62","61","0.9838"
"33","88","2.6666"
"27","69","2.5555"
"26","104","4.0"
"222","300","1.3513"
"?","?","?"
"26","104","4.0"
"?","?","?"
"11","64","5.8181"
"110","161","1.4636"
"25","85","3.4"
"?","?","?"
"?","?","?"
"135","200","1.4814"
"26","104","4.0"
"40","200","5.0"
"102","179","1.7549"
"152","200","1.3157"
"?","?","?"
"23","26","1.1304"
"40","200","5.0"
"11","64","5.8181"
"125","250","2.0"
"20","95","4.75"
"67","134","2.0"
"75","95","1.2666"
"?","?","?"
"11","89","8.0909"
"30","130","4.3333"
"?","?","?"
"?","?","?"
"24","120","5.0"
"?","?","?"
"10","600","60.0"
"80","82","1.025"
"100","50","0.5"
"38","96","2.5263"
"187","248","1.3262"
"24","120","5.0"
"?","?","?"
"30","130","4.3333"
"24","120","5.0"
"10","600","60.0"
"11","94","8.5454"
"80","84","1.05"
"12","57","4.75"
"132","130","0.9848"
"12","57","4.75"
"117","233","1.9914"
"209","200","0.9569"
"?","?","?"
"90","90","1.0"
"20","95","4.75"
"?","?","?"
"11","96","8.7272"
"90","90","1.0"
"?","?","?"
"28","100","3.5714"
"11","96","8.7272"
"125","250","2.0"
"?","?","?"
"60","468","7.8"
"308","125","0.4058"
"?","?","?"
"199","484","2.4321"
"20","134","6.7"
"?","?","?"
"72","105","1.4583"
"24","120","5.0"
"40","200","5.0"
"158","194","1.2278"
"20","95","4.75"
"42","42","1.0"
"?","?","?"
"46","125","2.7173"
"54","64","1.1851"
"12","102","8.5"
"102","179","1.7549"
"20","134","6.7"
"?","?","?"
"21","86","4.0952"
"40","200","5.0"
"12","101","8.4166"
"60","296","4.9333"
"40","200","5.0"
"24","120","5.0"
"?","?","?"
"100","83","0.83"
"24","120","5.0"
"119","209","1.7563"
"170","170","1.0"
"145","200","1.3793"
"40","46","1.15"
"40","160","4.0"
"?","?","?"
"11","89","8.0909"
"30","30","1.0"
"151","199","1.3178"
"103","273","2.6504"
"?","?","?"
"?","?","?"
"146","250","1.7123"
"?","?","?"
"?","?","?"
"16","16","1.0"
"80","89","1.1125"
"22","204","9.2727"
"66","73","1.1060"
"49","114","2.3265"
"110","110","1.0"
"224","204","0.9107"
"226","277","1.2256"
"30","30","1.0"
"16","16","1.0"
"161","130","0.8074"
"?","?","?"
"90","90","1.0"
"163","164","1.0061"
"154","231","1.5"
"100","300","3.0"
"?","?","?"
"11","89","8.0909"
"84","85","1.0119"
"12","101","8.4166"
"16","60","3.75"
"12","102","8.5"
"31","88","2.8387"
"?","?","?"
"27","57","2.1111"
"12","102","8.5"
"17","77","4.5294"
"60","468","7.8"
"134","184","1.3731"
"20","134","6.7"
"120","180","1.5"
"134","184","1.3731"
"61","61","1.0"
"?","?","?"
"12","101","8.4166"
"11","64","5.8181"
"171","210","1.2280"
"10","600","60.0"
"55","177","3.2181"
"?","?","?"
"108","120","1.1111"
"?","?","?"
"20","95","4.75"
"75","101","1.3466"
"90","90","1.0"
"30","143","4.7666"
"30","30","1.0"
"11","94","8.5454"
"20","134","6.7"
"?","?","?"
"97","300","3.0927"
"?","?","?"
"27","175","6.4814"
"?","?","?"
"23","26","1.1304"
"?","?","?"
"106","107","1.0094"
"12","86","7.1666"
"?","?","?"
"62","82","1.3225"
"?","?","?"
"31","88","2.8387"
"38","88","2.3157"
"75","100","1.3333"
"12","102","8.5"
"20","20","1.0"
"60","196","3.2666"
"14","63","4.5"
"160","180","1.125"
"200","200","1.0"
"65","110","1.6923"
"62","62","1.0"
"60","80","1.3333"
"38","88","2.3157"
"70","50","0.7142"
"12","101","8.4166"
"?","?","?"
"149","182","1.2214"
"?","?","?"
"32","328","10.25"
"20","134","6.7"
"38","88","2.3157"
"?","?","?"
"?","?","?"
"36","180","5.0"
"22","110","5.0"
"11","96","8.7272"
"100","100","1.0"
"154","108","0.7012"
"131","156","1.1908"
"10","600","60.0"
"22","110","5.0"
"?","67","?"
"32","75","2.3437"
"11","89","8.0909"
"95","109","1.1473"
"140","140","1.0"
"?","?","?"
"119","152","1.2773"
"12","10","0.8333"
"36","180","5.0"
"55","150","2.7272"
"?","?","?"
"48","264","5.5"
"20","134","6.7"
"35","150","4.2857"
"?","?","?"
"36","180","5.0"
"?","?","?"
"134","184","1.3731"
"135","110","0.8148"
"12","57","4.75"
"?","?","?"
"133","158","1.1879"
"89","83","0.9325"
"12","86","7.1666"
"12","57","4.75"
"?","?","?"
"140","180","1.2857"
"?","?","?"
"149","182","1.2214"
"145","156","1.0758"
"?","?","?"
"12","101","8.4166"
"10","331","33.1"
"?","?","?"
"25","120","4.8"
"119","150","1.2605"
"36","180","5.0"
"25","120","4.8"
"140","140","1.0"
"82","337","4.1097"
"12","10","0.8333"
"11","96","8.7272"
"?","?","?"
"12","101","8.4166"
"?","?","?"
"22","21","0.9545"
"?","?","?"
"40","40","1.0"
"25","120","4.8"
"110","95","0.8636"
"160","180","1.125"
"120","180","1.5"
"154","231","1.5"
"12","86","7.1666"
"115","205","1.7826"
"40","40","1.0"
"?","?","?"
"18","24","1.3333"
"?","?","?"
"158","108","0.6835"
"117","115","0.9829"
"300","178","0.5933"
"12","102","8.5"
"154","231","1.5"
"32","40","1.25"
"?","?","?"
"?","?","?"
"60","70","1.1666"
"?","?","?"
"12","101","8.4166"
"20","90","4.5"
"34","34","1.0"
"12","98","8.1666"
"?","?","?"
"?","?","?"
"154","231","1.5"
"31","88","2.8387"
"23","26","1.1304"
"?","?","?"
"200","200","1.0"
"75","100","1.3333"
"?","?","?"
"150","200","1.3333"
"?","?","?"
"75","200","2.6666"
"?","?","?"
"64","144","2.25"
"40","120","3.0"
"40","46","1.15"
"25","100","4.0"
"?","?","?"
"36","36","1.0"
"?","?","?"
"25","120","4.8"
"200","166","0.83"
"36","180","5.0"
"?","?","?"
"32","37","1.1562"
"75","95","1.2666"
"?","?","?"
"10","331","33.1"
"173","150","0.8670"
"?","?","?"
"32","78","2.4375"
"160","180","1.125"
"?","?","?"
"10","600","60.0"
"11","94","8.5454"
"?","?","?"
"160","180","1.125"
"35","36","1.0285"
"11","64","5.8181"
"36","180","5.0"
"25","100","4.0"
"88","88","1.0"
"?","?","?"
"23","26","1.1304"
"16","16","1.0"
"90","90","1.0"
"200","200","1.0"
"12","150","12.5"
"64","250","3.9062"
"102","179","1.7549"
"64","144","2.25"
"?","?","?"
"?","160","?"
"64","144","2.25"
"10","600","60.0"
"32","33","1.0312"
"?","?","?"
"115","115","1.0"
"110","170","1.5454"
"160","180","1.125"
"183","159","0.8688"
"109","110","1.0091"
"?","?","?"
"147","206","1.4013"
"94","222","2.3617"
"16","16","1.0"
"120","130","1.0833"
"60","140","2.3333"
"25","100","4.0"
"?","?","?"
"?","?","?"
"40","400","10.0"
"160","180","1.125"
"95","222","2.3368"
"150","150","1.0"
"34","105","3.0882"
"128","178","1.3906"
"184","153","0.8315"
"?","?","?"
"?","?","?"
"?","?","?"
"60","140","2.3333"
"140","180","1.2857"
"154","213","1.3831"
"20","90","4.5"
"?","?","?"
"?","?","?"
"140","180","1.2857"
"?","?","?"
"115","190","1.6521"
"184","140","0.7608"
"25","100","4.0"
"40","40","1.0"
"100","85","0.85"
"60","120","2.0"
"137","150","1.0948"
"?","?","?"
"?","?","?"
"?","?","?"
"90","119","1.3222"
"?","?","?"
"10","600","60.0"
"148","225","1.5202"
"16","16","1.0"
"25","100","4.0"
"?","?","?"
"?","?","?"
"110","109","0.9909"
"?","?","?"
"?","?","?"
"25","100","4.0"
"16","16","1.0"
"110","109","0.9909"
"31","88","2.8387"
"?","?","?"
"71","87","1.2253"
"25","100","4.0"
"146","158","1.0821"
"?","?","?"
"?","?","?"
"136","150","1.1029"
"10","600","60.0"
"12","101","8.4166"
"?","?","?"
"40","100","2.5"
"?","?","?"
"?","?","?"
"16","16","1.0"
"24","75","3.125"
"?","?","?"
"25","100","4.0"
"?","?","?"
"55","175","3.1818"
"?","?","?"
"?","?","?"
"10","600","60.0"
"11","64","5.8181"
"?","?","?"
"150","200","1.3333"
"16","16","1.0"
"134","184","1.3731"
"23","26","1.1304"
"40","130","3.25"
"158","192","1.2151"
"25","100","4.0"
"?","?","?"
"?","?","?"
"?","?","?"
"106","110","1.0377"
"30","30","1.0"
"170","94","0.5529"
"101","140","1.3861"
"23","120","5.2173"
"?","?","?"
"40","40","1.0"
